id,name,hasImage,isSquare,httpStatus,contentType,bytes,width,height,issue,url
89645e4521bb7966,101 Music,true,true,200,image/jpeg,18336,200,200,,https://d3vy0pmxxxelni.cloudfront.net/assets/librarylogo/89645e4521bb7966?token=%5Bredacted%5D&width=200&height=200
f32fba09aa44c7ee,101 Music Compilations,true,true,200,image/jpeg,18336,200,200,,https://d3vy0pmxxxelni.cloudfront.net/assets/librarylogo/f32fba09aa44c7ee?token=%5Bredacted%5D&width=200&height=200
b3c4ddca9db054a7,1VU Music,true,true,200,image/jpeg,19451,200,200,,https://d3vy0pmxxxelni.cloudfront.net/assets/librarylogo/b3c4ddca9db054a7?token=%5Bredacted%5D&width=200&height=200
df3de81e5d66af90,411 Artist Series,true,true,200,image/jpeg,12604,200,200,,https://d3vy0pmxxxelni.cloudfront.net/assets/librarylogo/df3de81e5d66af90?token=%5Bredacted%5D&width=200&height=200
a749af2eace70da4,411 Trailers + Sound Design,true,true,200,image/jpeg,12604,200,200,,https://d3vy0pmxxxelni.cloudfront.net/assets/librarylogo/a749af2eace70da4?token=%5Bredacted%5D&width=200&height=200
e966d94c651a84ce,411 Underscore,true,true,200,image/jpeg,12604,200,200,,https://d3vy0pmxxxelni.cloudfront.net/assets/librarylogo/e966d94c651a84ce?token=%5Bredacted%5D&width=200&height=200
65a4e7d72ce69912,5 Alarm Music,true,true,200,image/jpeg,10347,200,200,,https://d3vy0pmxxxelni.cloudfront.net/assets/librarylogo/65a4e7d72ce69912?token=%5Bredacted%5D&width=200&height=200
0f9769346759ee5a,7StyleMusic,true,true,200,image/jpeg,7615,200,200,,https://d3vy0pmxxxelni.cloudfront.net/assets/librarylogo/0f9769346759ee5a?token=%5Bredacted%5D&width=200&height=200
f04b18c7f0dc6435,Aardvark Music,true,true,200,image/jpeg,16739,200,200,,https://d3vy0pmxxxelni.cloudfront.net/assets/librarylogo/f04b18c7f0dc6435?token=%5Bredacted%5D&width=200&height=200
4d4333b4cdd4cd6d,AllMusicGallery,true,true,200,image/jpeg,15040,200,200,,https://d3vy0pmxxxelni.cloudfront.net/assets/librarylogo/4d4333b4cdd4cd6d?token=%5Bredacted%5D&width=200&height=200
8937b4fe8d9ec7f7,Alternative Reality,true,true,200,image/jpeg,8138,200,200,,https://d3vy0pmxxxelni.cloudfront.net/assets/librarylogo/8937b4fe8d9ec7f7?token=%5Bredacted%5D&width=200&height=200
c3e0e169602f837c,Amplitude Music Group,true,true,200,image/jpeg,9570,200,200,,https://d3vy0pmxxxelni.cloudfront.net/assets/librarylogo/c3e0e169602f837c?token=%5Bredacted%5D&width=200&height=200
e2a67cc33b71216d,Annihilation Powered By Pitch Hammer,true,true,200,image/jpeg,13723,200,200,,https://d3vy0pmxxxelni.cloudfront.net/assets/librarylogo/e2a67cc33b71216d?token=%5Bredacted%5D&width=200&height=200
71c7227f15580361,Beat Xplosion,true,true,200,image/jpeg,6660,200,200,,https://d3vy0pmxxxelni.cloudfront.net/assets/librarylogo/71c7227f15580361?token=%5Bredacted%5D&width=200&height=200
748b8fb470390591,BeatChamber Records,true,true,200,image/jpeg,12892,200,200,,https://d3vy0pmxxxelni.cloudfront.net/assets/librarylogo/748b8fb470390591?token=%5Bredacted%5D&width=200&height=200
4cacdffc284d5742,Beta Rhythm Farm,true,true,200,image/jpeg,11566,200,200,,https://d3vy0pmxxxelni.cloudfront.net/assets/librarylogo/4cacdffc284d5742?token=%5Bredacted%5D&width=200&height=200
f4df85b9b479ca70,Big Screen Music,true,true,200,image/jpeg,8398,200,200,,https://d3vy0pmxxxelni.cloudfront.net/assets/librarylogo/f4df85b9b479ca70?token=%5Bredacted%5D&width=200&height=200
17d5316824b2432b,Blazed Out Music,true,true,200,image/jpeg,9198,200,200,,https://d3vy0pmxxxelni.cloudfront.net/assets/librarylogo/17d5316824b2432b?token=%5Bredacted%5D&width=200&height=200
fa24bebee2409643,BoostTV,true,true,200,image/jpeg,13266,200,200,,https://d3vy0pmxxxelni.cloudfront.net/assets/librarylogo/fa24bebee2409643?token=%5Bredacted%5D&width=200&height=200
c7bbbebd4f6e31eb,Candy Flip,true,true,200,image/jpeg,11823,200,200,,https://d3vy0pmxxxelni.cloudfront.net/assets/librarylogo/c7bbbebd4f6e31eb?token=%5Bredacted%5D&width=200&height=200
bd3d71ed0e783249,Cinemasounds Trailer Music,true,true,200,image/jpeg,8627,200,200,,https://d3vy0pmxxxelni.cloudfront.net/assets/librarylogo/bd3d71ed0e783249?token=%5Bredacted%5D&width=200&height=200
45247efbd3cb9486,Counter Music,true,true,200,image/jpeg,11482,200,200,,https://d3vy0pmxxxelni.cloudfront.net/assets/librarylogo/45247efbd3cb9486?token=%5Bredacted%5D&width=200&height=200
0e06111b303a8d16,Cre8v Media,true,true,200,image/jpeg,11162,200,200,,https://d3vy0pmxxxelni.cloudfront.net/assets/librarylogo/0e06111b303a8d16?token=%5Bredacted%5D&width=200&height=200
1226831895f3f0b3,CUE,true,true,200,image/jpeg,8604,200,200,,https://d3vy0pmxxxelni.cloudfront.net/assets/librarylogo/1226831895f3f0b3?token=%5Bredacted%5D&width=200&height=200
79e074ebd8cbc207,Cue Source,true,true,200,image/jpeg,8097,200,200,,https://d3vy0pmxxxelni.cloudfront.net/assets/librarylogo/79e074ebd8cbc207?token=%5Bredacted%5D&width=200&height=200
70da6d55dd5a85d8,Dennis Music,true,true,200,image/jpeg,12856,200,200,,https://d3vy0pmxxxelni.cloudfront.net/assets/librarylogo/70da6d55dd5a85d8?token=%5Bredacted%5D&width=200&height=200
8b062f2ad953807d,Ear Parade,true,true,200,image/jpeg,8882,200,200,,https://d3vy0pmxxxelni.cloudfront.net/assets/librarylogo/8b062f2ad953807d?token=%5Bredacted%5D&width=200&height=200
356d10124345e046,EGG Music,true,true,200,image/jpeg,8857,200,200,,https://d3vy0pmxxxelni.cloudfront.net/assets/librarylogo/356d10124345e046?token=%5Bredacted%5D&width=200&height=200
ee00b9c563465efd,Epic,true,true,200,image/jpeg,9186,200,200,,https://d3vy0pmxxxelni.cloudfront.net/assets/librarylogo/ee00b9c563465efd?token=%5Bredacted%5D&width=200&height=200
f88a7358b187dcfe,Epic Score,true,true,200,image/jpeg,8052,200,200,,https://d3vy0pmxxxelni.cloudfront.net/assets/librarylogo/f88a7358b187dcfe?token=%5Bredacted%5D&width=200&height=200
7d6e816903e6e5ad,Fantasy Classical Series,true,true,200,image/jpeg,7686,200,200,,https://d3vy0pmxxxelni.cloudfront.net/assets/librarylogo/7d6e816903e6e5ad?token=%5Bredacted%5D&width=200&height=200
77ecf7bd7d628cbb,Fantasy Documentary Series,true,true,200,image/jpeg,7686,200,200,,https://d3vy0pmxxxelni.cloudfront.net/assets/librarylogo/77ecf7bd7d628cbb?token=%5Bredacted%5D&width=200&height=200
1393b140d9262752,Fantasy Easy Listening Series,true,true,200,image/jpeg,7686,200,200,,https://d3vy0pmxxxelni.cloudfront.net/assets/librarylogo/1393b140d9262752?token=%5Bredacted%5D&width=200&height=200
694a3ed3315898df,Fantasy FFX Sound Design,true,true,200,image/jpeg,7686,200,200,,https://d3vy0pmxxxelni.cloudfront.net/assets/librarylogo/694a3ed3315898df?token=%5Bredacted%5D&width=200&height=200
4cad6eefb3ed78b7,Fantasy Film Series,true,true,200,image/jpeg,7686,200,200,,https://d3vy0pmxxxelni.cloudfront.net/assets/librarylogo/4cad6eefb3ed78b7?token=%5Bredacted%5D&width=200&height=200
83247e997cf81b63,Fantasy Production Music Series,true,true,200,image/jpeg,7686,200,200,,https://d3vy0pmxxxelni.cloudfront.net/assets/librarylogo/83247e997cf81b63?token=%5Bredacted%5D&width=200&height=200
aa03f16539674cd5,Final Cue Music Library,true,true,200,image/jpeg,7583,200,200,,https://d3vy0pmxxxelni.cloudfront.net/assets/librarylogo/aa03f16539674cd5?token=%5Bredacted%5D&width=200&height=200
d56c8eba3e618b47,Flava Of The Month,true,true,200,image/jpeg,10409,200,200,,https://d3vy0pmxxxelni.cloudfront.net/assets/librarylogo/d56c8eba3e618b47?token=%5Bredacted%5D&width=200&height=200
ebf1e65b0bc641a6,Frameworks Music,true,true,200,image/jpeg,13069,200,200,,https://d3vy0pmxxxelni.cloudfront.net/assets/librarylogo/ebf1e65b0bc641a6?token=%5Bredacted%5D&width=200&height=200
df81403166bca107,Frontier Trailer Music,true,true,200,image/jpeg,10723,200,200,,https://d3vy0pmxxxelni.cloudfront.net/assets/librarylogo/df81403166bca107?token=%5Bredacted%5D&width=200&height=200
74230761212afd35,Full Clip Music,false,false,404,text/html,0,,,HTTP 404,https://d3vy0pmxxxelni.cloudfront.net/assets/librarylogo/74230761212afd35?token=%5Bredacted%5D&width=200&height=200
a668fd413d40cfdc,Full Clip Music ,false,false,404,text/html,0,,,HTTP 404,https://d3vy0pmxxxelni.cloudfront.net/assets/librarylogo/a668fd413d40cfdc?token=%5Bredacted%5D&width=200&height=200
f52e77743275c40a,Fundamental Music,true,true,200,image/jpeg,7051,200,200,,https://d3vy0pmxxxelni.cloudfront.net/assets/librarylogo/f52e77743275c40a?token=%5Bredacted%5D&width=200&height=200
f70b95a0846e3c66,Ghost Town Artists,false,false,404,text/html,0,,,HTTP 404,https://d3vy0pmxxxelni.cloudfront.net/assets/librarylogo/f70b95a0846e3c66?token=%5Bredacted%5D&width=200&height=200
6ca78b98823a7b88,Goods & Cargo,true,true,200,image/jpeg,15528,200,200,,https://d3vy0pmxxxelni.cloudfront.net/assets/librarylogo/6ca78b98823a7b88?token=%5Bredacted%5D&width=200&height=200
52c535cd302c0e98,Gourd Music,true,true,200,image/jpeg,13738,200,200,,https://d3vy0pmxxxelni.cloudfront.net/assets/librarylogo/52c535cd302c0e98?token=%5Bredacted%5D&width=200&height=200
abd39666439212fa,Green Zebra Music,true,true,200,image/jpeg,8918,200,200,,https://d3vy0pmxxxelni.cloudfront.net/assets/librarylogo/abd39666439212fa?token=%5Bredacted%5D&width=200&height=200
7dda948c6e86c3fd,Hella Good Mix,true,true,200,image/jpeg,10557,200,200,,https://d3vy0pmxxxelni.cloudfront.net/assets/librarylogo/7dda948c6e86c3fd?token=%5Bredacted%5D&width=200&height=200
759f51844237c829,Hella Good Records,true,true,200,image/jpeg,10557,200,200,,https://d3vy0pmxxxelni.cloudfront.net/assets/librarylogo/759f51844237c829?token=%5Bredacted%5D&width=200&height=200
645732ba70dae88e,InStyle Records,true,true,200,image/jpeg,7918,200,200,,https://d3vy0pmxxxelni.cloudfront.net/assets/librarylogo/645732ba70dae88e?token=%5Bredacted%5D&width=200&height=200
fc7cd334044f496c,JAMM,true,true,200,image/jpeg,9869,200,200,,https://d3vy0pmxxxelni.cloudfront.net/assets/librarylogo/fc7cd334044f496c?token=%5Bredacted%5D&width=200&height=200
28be6a313c6cac3a,Kaplunk Production Music,true,true,200,image/jpeg,11057,200,200,,https://d3vy0pmxxxelni.cloudfront.net/assets/librarylogo/28be6a313c6cac3a?token=%5Bredacted%5D&width=200&height=200
e872f6cb7f936f15,L'il G'rilla Music,false,false,404,text/html,0,,,HTTP 404,https://d3vy0pmxxxelni.cloudfront.net/assets/librarylogo/e872f6cb7f936f15?token=%5Bredacted%5D&width=200&height=200
65c759accc282728,Lab Machine,false,false,404,text/html,0,,,HTTP 404,https://d3vy0pmxxxelni.cloudfront.net/assets/librarylogo/65c759accc282728?token=%5Bredacted%5D&width=200&height=200
95f9f9eefbe043ff,Lesterbeat Records,false,false,404,text/html,0,,,HTTP 404,https://d3vy0pmxxxelni.cloudfront.net/assets/librarylogo/95f9f9eefbe043ff?token=%5Bredacted%5D&width=200&height=200
47423edb2c7caa0e,Level 77 Music - Prestige Library,false,false,404,text/html,0,,,HTTP 404,https://d3vy0pmxxxelni.cloudfront.net/assets/librarylogo/47423edb2c7caa0e?token=%5Bredacted%5D&width=200&height=200
99134c14706f6c40,Level 77 Music - Vault Label,true,true,200,image/jpeg,5547,200,200,,https://d3vy0pmxxxelni.cloudfront.net/assets/librarylogo/99134c14706f6c40?token=%5Bredacted%5D&width=200&height=200
06f34d2b62642473,Level 77 Music - Vive Music,true,true,200,image/jpeg,9537,200,200,,https://d3vy0pmxxxelni.cloudfront.net/assets/librarylogo/06f34d2b62642473?token=%5Bredacted%5D&width=200&height=200
bc371530fd7e64c1,Lift Music,false,false,404,text/html,0,,,HTTP 404,https://d3vy0pmxxxelni.cloudfront.net/assets/librarylogo/bc371530fd7e64c1?token=%5Bredacted%5D&width=200&height=200
7f7bc412dde68a3b,Lift Music Factual,false,false,404,text/html,0,,,HTTP 404,https://d3vy0pmxxxelni.cloudfront.net/assets/librarylogo/7f7bc412dde68a3b?token=%5Bredacted%5D&width=200&height=200
0b4513a11d4b5b52,Lift Music Wildcards,false,false,404,text/html,0,,,HTTP 404,https://d3vy0pmxxxelni.cloudfront.net/assets/librarylogo/0b4513a11d4b5b52?token=%5Bredacted%5D&width=200&height=200
20060062eafa03cc,MadeByUs Music,false,false,404,text/html,0,,,HTTP 404,https://d3vy0pmxxxelni.cloudfront.net/assets/librarylogo/20060062eafa03cc?token=%5Bredacted%5D&width=200&height=200
ae4287665c97a468,Mexican Music Library,false,false,404,text/html,0,,,HTTP 404,https://d3vy0pmxxxelni.cloudfront.net/assets/librarylogo/ae4287665c97a468?token=%5Bredacted%5D&width=200&height=200
898ed81239462a64,Mindframe Media Group,false,false,404,text/html,0,,,HTTP 404,https://d3vy0pmxxxelni.cloudfront.net/assets/librarylogo/898ed81239462a64?token=%5Bredacted%5D&width=200&height=200
547126b7481097e3,Minds And Music,true,true,200,image/jpeg,15078,200,200,,https://d3vy0pmxxxelni.cloudfront.net/assets/librarylogo/547126b7481097e3?token=%5Bredacted%5D&width=200&height=200
1cdf163c3b25d8ac,Motus Music,true,true,200,image/jpeg,7028,200,200,,https://d3vy0pmxxxelni.cloudfront.net/assets/librarylogo/1cdf163c3b25d8ac?token=%5Bredacted%5D&width=200&height=200
2804f603159a9e60,MUSIC FOR SPORT,true,true,200,image/jpeg,8348,200,200,,https://d3vy0pmxxxelni.cloudfront.net/assets/librarylogo/2804f603159a9e60?token=%5Bredacted%5D&width=200&height=200
9d330c152c37bca0,Musica.it,false,false,404,text/html,0,,,HTTP 404,https://d3vy0pmxxxelni.cloudfront.net/assets/librarylogo/9d330c152c37bca0?token=%5Bredacted%5D&width=200&height=200
b9a7ab2ac6333e36,Nelvana ,false,false,404,text/html,0,,,HTTP 404,https://d3vy0pmxxxelni.cloudfront.net/assets/librarylogo/b9a7ab2ac6333e36?token=%5Bredacted%5D&width=200&height=200
3f2f3a17c1130704,Never the End Music Group,true,true,200,image/jpeg,6202,200,200,,https://d3vy0pmxxxelni.cloudfront.net/assets/librarylogo/3f2f3a17c1130704?token=%5Bredacted%5D&width=200&height=200
8002d124f368735a,New Spin Records / Island Apollo,false,false,404,text/html,0,,,HTTP 404,https://d3vy0pmxxxelni.cloudfront.net/assets/librarylogo/8002d124f368735a?token=%5Bredacted%5D&width=200&height=200
d2b13fc97e55618e,News Source,false,false,404,text/html,0,,,HTTP 404,https://d3vy0pmxxxelni.cloudfront.net/assets/librarylogo/d2b13fc97e55618e?token=%5Bredacted%5D&width=200&height=200
8350b35f4228c77e,Noise Candy Music,true,true,200,image/jpeg,19627,200,200,,https://d3vy0pmxxxelni.cloudfront.net/assets/librarylogo/8350b35f4228c77e?token=%5Bredacted%5D&width=200&height=200
b2ed47feef89672f,Pantheon Classics,false,false,404,text/html,0,,,HTTP 404,https://d3vy0pmxxxelni.cloudfront.net/assets/librarylogo/b2ed47feef89672f?token=%5Bredacted%5D&width=200&height=200
b9d701733704e2d7,Parigo,true,true,200,image/jpeg,9834,200,200,,https://d3vy0pmxxxelni.cloudfront.net/assets/librarylogo/b9d701733704e2d7?token=%5Bredacted%5D&width=200&height=200
2fdaa2f7aea0f27f,Pitch Hammer Music,true,true,200,image/jpeg,11163,200,200,,https://d3vy0pmxxxelni.cloudfront.net/assets/librarylogo/2fdaa2f7aea0f27f?token=%5Bredacted%5D&width=200&height=200
a78a2958d39dff66,Playground Hollywood,false,false,404,text/html,0,,,HTTP 404,https://d3vy0pmxxxelni.cloudfront.net/assets/librarylogo/a78a2958d39dff66?token=%5Bredacted%5D&width=200&height=200
7ef73e68361d5167,Poke,false,false,404,text/html,0,,,HTTP 404,https://d3vy0pmxxxelni.cloudfront.net/assets/librarylogo/7ef73e68361d5167?token=%5Bredacted%5D&width=200&height=200
b2dbc1b0575bd071,Primetime Tracks,true,true,200,image/jpeg,14971,200,200,,https://d3vy0pmxxxelni.cloudfront.net/assets/librarylogo/b2dbc1b0575bd071?token=%5Bredacted%5D&width=200&height=200
7daeaecb17dd37c5,Private Reserve ,false,false,404,text/html,0,,,HTTP 404,https://d3vy0pmxxxelni.cloudfront.net/assets/librarylogo/7daeaecb17dd37c5?token=%5Bredacted%5D&width=200&height=200
5daf8783518eba7e,Production Music Online,false,false,404,text/html,0,,,HTTP 404,https://d3vy0pmxxxelni.cloudfront.net/assets/librarylogo/5daf8783518eba7e?token=%5Bredacted%5D&width=200&height=200
b90178792271e104,Raging Cloud Studios,false,false,404,text/html,0,,,HTTP 404,https://d3vy0pmxxxelni.cloudfront.net/assets/librarylogo/b90178792271e104?token=%5Bredacted%5D&width=200&height=200
c9685756ad57bbc8,Reliable Source Music,false,false,404,text/html,0,,,HTTP 404,https://d3vy0pmxxxelni.cloudfront.net/assets/librarylogo/c9685756ad57bbc8?token=%5Bredacted%5D&width=200&height=200
200e13f959a63f90,Ridgeline Music,false,false,404,text/html,0,,,HTTP 404,https://d3vy0pmxxxelni.cloudfront.net/assets/librarylogo/200e13f959a63f90?token=%5Bredacted%5D&width=200&height=200
eb002afc6f579a22,Rodeo Music Co.,false,false,404,text/html,0,,,HTTP 404,https://d3vy0pmxxxelni.cloudfront.net/assets/librarylogo/eb002afc6f579a22?token=%5Bredacted%5D&width=200&height=200
147a0bd0911f3f05,Roger Mars Music,false,false,404,text/html,0,,,HTTP 404,https://d3vy0pmxxxelni.cloudfront.net/assets/librarylogo/147a0bd0911f3f05?token=%5Bredacted%5D&width=200&height=200
7614fa4be7e8e253,Royal Blood Records ,false,false,404,text/html,0,,,HTTP 404,https://d3vy0pmxxxelni.cloudfront.net/assets/librarylogo/7614fa4be7e8e253?token=%5Bredacted%5D&width=200&height=200
d689c4b8ac9adbe0,Scorebuzz Music Library,true,true,200,image/jpeg,10252,200,200,,https://d3vy0pmxxxelni.cloudfront.net/assets/librarylogo/d689c4b8ac9adbe0?token=%5Bredacted%5D&width=200&height=200
7d2254f90dc97c0a,Shadetree Publishing,false,false,404,text/html,0,,,HTTP 404,https://d3vy0pmxxxelni.cloudfront.net/assets/librarylogo/7d2254f90dc97c0a?token=%5Bredacted%5D&width=200&height=200
cce0f7c49f76d349,Sinsuro,false,false,404,text/html,0,,,HTTP 404,https://d3vy0pmxxxelni.cloudfront.net/assets/librarylogo/cce0f7c49f76d349?token=%5Bredacted%5D&width=200&height=200
a5ed9c0cf9502027,SonicTremor,false,false,404,text/html,0,,,HTTP 404,https://d3vy0pmxxxelni.cloudfront.net/assets/librarylogo/a5ed9c0cf9502027?token=%5Bredacted%5D&width=200&height=200
b8e1bd076ebec41d,SOURCE IN SYNC MUSIC ,false,false,404,text/html,0,,,HTTP 404,https://d3vy0pmxxxelni.cloudfront.net/assets/librarylogo/b8e1bd076ebec41d?token=%5Bredacted%5D&width=200&height=200
68502c1b89e01630,Strange Fruit,true,true,200,image/jpeg,9553,200,200,,https://d3vy0pmxxxelni.cloudfront.net/assets/librarylogo/68502c1b89e01630?token=%5Bredacted%5D&width=200&height=200
3b64b94d96aed47b,Strange Fruit Commercial Breaks,false,false,404,text/html,0,,,HTTP 404,https://d3vy0pmxxxelni.cloudfront.net/assets/librarylogo/3b64b94d96aed47b?token=%5Bredacted%5D&width=200&height=200
7ae4dc297a54b7ea,Studio Rev Club Series,true,true,200,image/jpeg,20351,200,200,,https://d3vy0pmxxxelni.cloudfront.net/assets/librarylogo/7ae4dc297a54b7ea?token=%5Bredacted%5D&width=200&height=200
57833cfaa841e17b,Studio Rev Composer Series,false,false,404,text/html,0,,,HTTP 404,https://d3vy0pmxxxelni.cloudfront.net/assets/librarylogo/57833cfaa841e17b?token=%5Bredacted%5D&width=200&height=200
ec4362fb338257d3,Studio Rev FX Series,false,false,404,text/html,0,,,HTTP 404,https://d3vy0pmxxxelni.cloudfront.net/assets/librarylogo/ec4362fb338257d3?token=%5Bredacted%5D&width=200&height=200
31971e75d27ef7e0,Studio Rev Road Series,false,false,404,text/html,0,,,HTTP 404,https://d3vy0pmxxxelni.cloudfront.net/assets/librarylogo/31971e75d27ef7e0?token=%5Bredacted%5D&width=200&height=200
469373fece931ab4,Superfly Audio,true,true,200,image/jpeg,8762,200,200,,https://d3vy0pmxxxelni.cloudfront.net/assets/librarylogo/469373fece931ab4?token=%5Bredacted%5D&width=200&height=200
8f3b8728446e847d,Superstore,false,false,404,text/html,0,,,HTTP 404,https://d3vy0pmxxxelni.cloudfront.net/assets/librarylogo/8f3b8728446e847d?token=%5Bredacted%5D&width=200&height=200
4e7f457674245ddf,SyncStories,false,false,200,text/html,0,,,Type text/html,https://d3vy0pmxxxelni.cloudfront.net/assets/librarylogo/4e7f457674245ddf?token=%5Bredacted%5D&width=200&height=200
9b243d04b610753f,TONA,false,false,404,text/html,0,,,HTTP 404,https://d3vy0pmxxxelni.cloudfront.net/assets/librarylogo/9b243d04b610753f?token=%5Bredacted%5D&width=200&height=200
2c56b0438e276cf2,Tonic Music + Creative,true,true,200,image/jpeg,5588,200,200,,https://d3vy0pmxxxelni.cloudfront.net/assets/librarylogo/2c56b0438e276cf2?token=%5Bredacted%5D&width=200&height=200
c83299f11ea093b4,Trailer Trash Music,true,true,200,image/jpeg,6364,200,200,,https://d3vy0pmxxxelni.cloudfront.net/assets/librarylogo/c83299f11ea093b4?token=%5Bredacted%5D&width=200&height=200
747156e5cd63952f,Zero3 Music,false,false,404,text/html,0,,,HTTP 404,https://d3vy0pmxxxelni.cloudfront.net/assets/librarylogo/747156e5cd63952f?token=%5Bredacted%5D&width=200&height=200
95f52ce24a2ca7e1,Zone Music,true,true,200,image/jpeg,7363,200,200,,https://d3vy0pmxxxelni.cloudfront.net/assets/librarylogo/95f52ce24a2ca7e1?token=%5Bredacted%5D&width=200&height=200
342d37f9cbd9d25e,Zone Plus,false,false,200,text/html,0,,,Type text/html,https://d3vy0pmxxxelni.cloudfront.net/assets/librarylogo/342d37f9cbd9d25e?token=%5Bredacted%5D&width=200&height=200
600bfcb76bdc57d8,Zone Trailers,false,false,200,text/html,0,,,Type text/html,https://d3vy0pmxxxelni.cloudfront.net/assets/librarylogo/600bfcb76bdc57d8?token=%5Bredacted%5D&width=200&height=200
